USE af25willa1_college_db;

-- =====================================================
-- 1. Departments
-- =====================================================
INSERT INTO department (department_name) VALUES
('Computer Science'),
('Mathematics'),
('English'),
('History'),
('Physics'),
('Chemistry'),
('Economics'),
('Psychology'),
('Sociology'),
('Art'),
('Political Science'),
('Biology');

-- =====================================================
-- 2. Semesters
-- =====================================================
INSERT INTO semester (semester_term) VALUES
('Fall'),
('Spring'),
('Summer');

-- =====================================================
-- 3. Rooms
-- =====================================================
INSERT INTO room (room_number, building, capacity) VALUES
('A101', 'Science Hall', 40),
('B202', 'Engineering Building', 50),
('C303', 'Main Building', 35),
('D404', 'Library Annex', 25),
('E505', 'Humanities Hall', 30),
('F606', 'Business Center', 45),
('G707', 'Psychology Wing', 30),
('H808', 'Fine Arts Building', 25),
('I909', 'Math Complex', 40),
('J010', 'Biology Lab', 35);

-- =====================================================
-- 4. People (250)
-- =====================================================
INSERT INTO people (first_name, last_name, email, date_of_birth, gender, address, phone_number) VALUES
('Morgan', 'Davis', 'morgan.davis1@college.edu', '1971-12-09', 'M', '101 College Ave', '555-4657'),
('Daniel', 'Brooks', 'daniel.brooks2@college.edu', '1976-11-24', 'M', '102 College Ave', '555-7912'),
('Robert', 'Johnson', 'robert.johnson3@college.edu', '1975-04-08', 'M', '103 College Ave', '555-4257'),
('Reese', 'Reed', 'reese.reed4@college.edu', '2004-07-08', 'F', '104 College Ave', '555-5557'),
('Finley', 'Price', 'finley.price5@college.edu', '1970-03-23', 'F', '105 College Ave', '555-6574'),
('Elizabeth', 'Martinez', 'elizabeth.martinez6@college.edu', '1983-06-04', 'M', '106 College Ave', '555-7224'),
('Michael', 'Lewis', 'michael.lewis7@college.edu', '1992-10-09', 'M', '107 College Ave', '555-8527'),
('Jason', 'Davis', 'jason.davis8@college.edu', '1994-02-18', 'F', '108 College Ave', '555-6925'),
('Gregory', 'Gonzalez', 'gregory.gonzalez9@college.edu', '1974-01-22', 'M', '109 College Ave', '555-5741'),
('Sarah', 'Bell', 'sarah.bell10@college.edu', '1984-02-13', 'F', '110 College Ave', '555-8428'),
('Morgan', 'Peterson', 'morgan.peterson11@college.edu', '1993-03-12', 'F', '111 College Ave', '555-4432'),
('Riley', 'Moore', 'riley.moore12@college.edu', '1974-10-21', 'M', '112 College Ave', '555-9751'),
('Jordan', 'Thomas', 'jordan.thomas13@college.edu', '1980-08-13', 'F', '113 College Ave', '555-4598'),
('Elliot', 'Harris', 'elliot.harris14@college.edu', '1973-04-27', 'M', '114 College Ave', '555-6168'),
('Donna', 'Moore', 'donna.moore15@college.edu', '1974-04-19', 'F', '115 College Ave', '555-4483'),
('Sydney', 'Adams', 'sydney.adams16@college.edu', '1995-11-15', 'M', '116 College Ave', '555-5339'),
('Daniel', 'Thomas', 'daniel.thomas17@college.edu', '2005-09-09', 'F', '117 College Ave', '555-7543'),
('Nancy', 'Anderson', 'nancy.anderson18@college.edu', '1978-09-16', 'M', '118 College Ave', '555-1771'),
('Casey', 'Davis', 'casey.davis19@college.edu', '1979-11-06', 'F', '119 College Ave', '555-2040'),
('Paul', 'Walker', 'paul.walker20@college.edu', '1999-09-09', 'M', '120 College Ave', '555-2876'),
('Elliot', 'James', 'elliot.james21@college.edu', '2004-05-25', 'F', '121 College Ave', '555-2827'),
('Joshua', 'Young', 'joshua.young22@college.edu', '1980-08-01', 'F', '122 College Ave', '555-9201'),
('Parker', 'Lopez', 'parker.lopez23@college.edu', '2002-02-28', 'F', '123 College Ave', '555-9317'),
('Sean', 'Gonzalez', 'sean.gonzalez24@college.edu', '1979-06-25', 'M', '124 College Ave', '555-9837'),
('Avery', 'Watson', 'avery.watson25@college.edu', '2003-01-20', 'F', '125 College Ave', '555-9005'),
('Jane', 'Davis', 'jane.davis26@college.edu', '1993-05-08', 'M', '126 College Ave', '555-4946'),
('Cameron', 'Perez', 'cameron.perez27@college.edu', '1975-02-24', 'F', '127 College Ave', '555-2133'),
('Parker', 'Carter', 'parker.carter28@college.edu', '1978-03-22', 'F', '128 College Ave', '555-3705'),
('Christopher', 'Nelson', 'christopher.nelson29@college.edu', '1997-04-18', 'M', '129 College Ave', '555-6107'),
('Donna', 'Kelly', 'donna.kelly30@college.edu', '1993-08-17', 'F', '130 College Ave', '555-2982'),
('Barbara', 'Anderson', 'barbara.anderson31@college.edu', '1974-06-01', 'M', '131 College Ave', '555-4608'),
('John', 'Jones', 'john.jones32@college.edu', '1973-04-03', 'M', '132 College Ave', '555-6413'),
('David', 'Baker', 'david.baker33@college.edu', '1985-05-22', 'F', '133 College Ave', '555-4510'),
('Jason', 'Rodriguez', 'jason.rodriguez34@college.edu', '2000-04-26', 'F', '134 College Ave', '555-7669'),
('Thomas', 'Miller', 'thomas.miller35@college.edu', '1976-11-14', 'F', '135 College Ave', '555-7939'),
('Edward', 'Scott', 'edward.scott36@college.edu', '1973-11-21', 'M', '136 College Ave', '555-1993'),
('Donna', 'Ramirez', 'donna.ramirez37@college.edu', '1991-02-08', 'M', '137 College Ave', '555-4116'),
('Jason', 'King', 'jason.king38@college.edu', '1978-07-06', 'F', '138 College Ave', '555-8579'),
('Barbara', 'Price', 'barbara.price39@college.edu', '1974-08-26', 'M', '139 College Ave', '555-1828'),
('Sydney', 'Carter', 'sydney.carter40@college.edu', '1970-02-25', 'M', '140 College Ave', '555-3724'),
('Edward', 'Adams', 'edward.adams41@college.edu', '2000-04-28', 'F', '141 College Ave', '555-1960'),
('Steven', 'Walker', 'steven.walker42@college.edu', '1970-07-09', 'F', '142 College Ave', '555-5673'),
('Jennifer', 'Morgan', 'jennifer.morgan43@college.edu', '2005-11-23', 'F', '143 College Ave', '555-3536'),
('Thomas', 'Jackson', 'thomas.jackson44@college.edu', '1983-01-19', 'M', '144 College Ave', '555-6138'),
('Emily', 'Brown', 'emily.brown45@college.edu', '2000-09-28', 'M', '145 College Ave', '555-1931'),
('Andrew', 'Garcia', 'andrew.garcia46@college.edu', '1981-02-20', 'M', '146 College Ave', '555-4853'),
('Donna', 'Davis', 'donna.davis47@college.edu', '1985-10-20', 'M', '147 College Ave', '555-2343'),
('Edward', 'Kelly', 'edward.kelly48@college.edu', '2003-06-09', 'M', '148 College Ave', '555-6147'),
('Barbara', 'Taylor', 'barbara.taylor49@college.edu', '1995-03-22', 'F', '149 College Ave', '555-8491'),
('George', 'Watson', 'george.watson50@college.edu', '1974-01-15', 'M', '150 College Ave', '555-2200'),
('Jason', 'Wilson', 'jason.wilson51@college.edu', '2002-05-05', 'F', '151 College Ave', '555-2127'),
('Cameron', 'Thomas', 'cameron.thomas52@college.edu', '1993-05-06', 'F', '152 College Ave', '555-9900'),
('Reese', 'White', 'reese.white53@college.edu', '2003-01-22', 'F', '153 College Ave', '555-2697'),
('Cameron', 'Rodriguez', 'cameron.rodriguez54@college.edu', '1986-02-04', 'M', '154 College Ave', '555-5462'),
('Joshua', 'Turner', 'joshua.turner55@college.edu', '1983-12-11', 'M', '155 College Ave', '555-5325'),
('Andrew', 'Adams', 'andrew.adams56@college.edu', '1986-01-03', 'F', '156 College Ave', '555-5533'),
('Robert', 'Smith', 'robert.smith57@college.edu', '1991-03-21', 'F', '157 College Ave', '555-3647'),
('Dylan', 'King', 'dylan.king58@college.edu', '2005-12-14', 'M', '158 College Ave', '555-2832'),
('David', 'Ramos', 'david.ramos59@college.edu', '1979-09-02', 'F', '159 College Ave', '555-3426'),
('Jennifer', 'Rodriguez', 'jennifer.rodriguez60@college.edu', '1972-05-12', 'M', '160 College Ave', '555-6862'),
('Linda', 'Torres', 'linda.torres61@college.edu', '1985-11-04', 'F', '161 College Ave', '555-7658'),
('Olivia', 'Brooks', 'olivia.brooks62@college.edu', '1979-04-28', 'M', '162 College Ave', '555-3900'),
('Cameron', 'Allen', 'cameron.allen63@college.edu', '1971-03-24', 'F', '163 College Ave', '555-7745'),
('Finley', 'Kelly', 'finley.kelly64@college.edu', '1985-05-06', 'M', '164 College Ave', '555-7267'),
('Casey', 'Williams', 'casey.williams65@college.edu', '2000-04-07', 'F', '165 College Ave', '555-6728'),
('Karen', 'Cooper', 'karen.cooper66@college.edu', '1984-04-01', 'M', '166 College Ave', '555-7528'),
('Betty', 'Moore', 'betty.moore67@college.edu', '1974-05-12', 'F', '167 College Ave', '555-9785'),
('Betty', 'Ramos', 'betty.ramos68@college.edu', '1971-02-09', 'M', '168 College Ave', '555-5349'),
('Robert', 'Miller', 'robert.miller69@college.edu', '1997-06-24', 'F', '169 College Ave', '555-8149'),
('Sean', 'Baker', 'sean.baker70@college.edu', '1977-07-19', 'M', '170 College Ave', '555-5173'),
('Robert', 'Richardson', 'robert.richardson71@college.edu', '1997-01-17', 'M', '171 College Ave', '555-6967'),
('Jennifer', 'Jones', 'jennifer.jones72@college.edu', '1991-10-11', 'M', '172 College Ave', '555-5920'),
('Andrew', 'White', 'andrew.white73@college.edu', '1996-06-13', 'F', '173 College Ave', '555-3085'),
('Thomas', 'Allen', 'thomas.allen74@college.edu', '1994-11-24', 'M', '174 College Ave', '555-5930'),
('Donna', 'Mitchell', 'donna.mitchell75@college.edu', '1970-05-10', 'M', '175 College Ave', '555-8043'),
('Bailey', 'Roberts', 'bailey.roberts76@college.edu', '1990-08-15', 'F', '176 College Ave', '555-4501'),
('Andrew', 'Green', 'andrew.green77@college.edu', '1980-11-03', 'F', '177 College Ave', '555-9445'),
('Riley', 'Campbell', 'riley.campbell78@college.edu', '1991-02-27', 'M', '178 College Ave', '555-6085'),
('Matthew', 'Foster', 'matthew.foster79@college.edu', '1982-03-01', 'M', '179 College Ave', '555-5011'),
('Kevin', 'Phillips', 'kevin.phillips80@college.edu', '1974-08-14', 'M', '180 College Ave', '555-7291'),
('Rachel', 'Hall', 'rachel.hall81@college.edu', '1985-03-21', 'M', '181 College Ave', '555-2746'),
('Avery', 'Young', 'avery.young82@college.edu', '1984-03-26', 'F', '182 College Ave', '555-1822'),
('Rebecca', 'Thomas', 'rebecca.thomas83@college.edu', '1977-08-05', 'F', '183 College Ave', '555-9702'),
('Rebecca', 'Turner', 'rebecca.turner84@college.edu', '1990-08-20', 'F', '184 College Ave', '555-9976'),
('Brian', 'Howard', 'brian.howard85@college.edu', '1980-12-28', 'F', '185 College Ave', '555-8373'),
('Christopher', 'Sanders', 'christopher.sanders86@college.edu', '1985-11-09', 'F', '186 College Ave', '555-4919'),
('Elizabeth', 'King', 'elizabeth.king87@college.edu', '1974-12-10', 'M', '187 College Ave', '555-5451'),
('Betty', 'Harris', 'betty.harris88@college.edu', '2004-02-05', 'M', '188 College Ave', '555-4788'),
('Paul', 'Morgan', 'paul.morgan89@college.edu', '1979-12-07', 'M', '189 College Ave', '555-7797'),
('Edward', 'Clark', 'edward.clark90@college.edu', '2004-08-14', 'M', '190 College Ave', '555-4388'),
('Hayden', 'Allen', 'hayden.allen91@college.edu', '1994-10-23', 'M', '191 College Ave', '555-7232'),
('Kevin', 'Smith', 'kevin.smith92@college.edu', '1992-05-25', 'F', '192 College Ave', '555-7865'),
('Jason', 'Brooks', 'jason.brooks93@college.edu', '2004-10-08', 'F', '193 College Ave', '555-4595'),
('Elizabeth', 'Young', 'elizabeth.young94@college.edu', '2001-01-13', 'F', '194 College Ave', '555-7624'),
('Jordan', 'Hernandez', 'jordan.hernandez95@college.edu', '1999-03-20', 'M', '195 College Ave', '555-7455'),
('Ashley', 'Perez', 'ashley.perez96@college.edu', '1971-02-21', 'F', '196 College Ave', '555-3223'),
('Casey', 'Scott', 'casey.scott97@college.edu', '1981-01-09', 'F', '197 College Ave', '555-6363'),
('Linda', 'Scott', 'linda.scott98@college.edu', '1990-06-25', 'F', '198 College Ave', '555-5558'),
('Parker', 'Ramos', 'parker.ramos99@college.edu', '1996-05-27', 'M', '199 College Ave', '555-8705'),
('Jane', 'Brooks', 'jane.brooks100@college.edu', '2004-01-12', 'M', '200 College Ave', '555-2124'),
('Avery', 'Gabriel', 'avery.gabriel101@college.edu', '1972-01-08', 'M', '201 College Ave', '555-1333'),
('Olivia', 'Martinez', 'olivia.martinez102@college.edu', '1985-03-16', 'M', '202 College Ave', '555-4571'),
('Megan', 'Morgan', 'megan.morgan103@college.edu', '1986-06-06', 'M', '203 College Ave', '555-3683'),
('Karen', 'Miller', 'karen.miller104@college.edu', '1971-05-19', 'F', '204 College Ave', '555-7498'),
('Reese', 'Gonzalez', 'reese.gonzalez105@college.edu', '1974-10-23', 'M', '205 College Ave', '555-2669'),
('Alex', 'Ward', 'alex.ward106@college.edu', '1989-11-20', 'M', '206 College Ave', '555-1672'),
('Mark', 'Carter', 'mark.carter107@college.edu', '1997-11-12', 'M', '207 College Ave', '555-9289'),
('Sydney', 'Clark', 'sydney.clark108@college.edu', '1970-07-27', 'F', '208 College Ave', '555-2729'),
('Jennifer', 'Gabriel', 'jennifer.gabriel109@college.edu', '1993-11-27', 'F', '209 College Ave', '555-3506'),
('Jennifer', 'Lopez', 'jennifer.lopez110@college.edu', '2003-11-09', 'F', '210 College Ave', '555-8616'),
('Jennifer', 'Cooper', 'jennifer.cooper111@college.edu', '1987-06-28', 'M', '211 College Ave', '555-2419'),
('Elizabeth', 'James', 'elizabeth.james112@college.edu', '1998-04-25', 'F', '212 College Ave', '555-7209'),
('Betty', 'Johnson', 'betty.johnson113@college.edu', '2001-06-06', 'F', '213 College Ave', '555-4475'),
('Mark', 'Foster', 'mark.foster114@college.edu', '1986-06-09', 'F', '214 College Ave', '555-1166'),
('Amy', 'Ramos', 'amy.ramos115@college.edu', '1982-02-08', 'F', '215 College Ave', '555-9004'),
('Rebecca', 'Sanders', 'rebecca.sanders116@college.edu', '1985-12-16', 'F', '216 College Ave', '555-8342'),
('Bailey', 'Johnson', 'bailey.johnson117@college.edu', '1975-05-08', 'F', '217 College Ave', '555-4986'),
('Karen', 'Kelly', 'karen.kelly118@college.edu', '1993-08-18', 'F', '218 College Ave', '555-7971'),
('Dylan', 'Mitchell', 'dylan.mitchell119@college.edu', '1991-06-23', 'F', '219 College Ave', '555-5438'),
('Karen', 'Taylor', 'karen.taylor120@college.edu', '1984-02-24', 'M', '220 College Ave', '555-6169'),
('Jessica', 'Brooks', 'jessica.brooks121@college.edu', '2004-12-06', 'M', '221 College Ave', '555-4545'),
('Dylan', 'Green', 'dylan.green122@college.edu', '1987-12-19', 'F', '222 College Ave', '555-2647'),
('Hayden', 'Gonzalez', 'hayden.gonzalez123@college.edu', '1988-04-12', 'M', '223 College Ave', '555-5952'),
('John', 'Richardson', 'john.richardson124@college.edu', '2004-03-09', 'M', '224 College Ave', '555-1893'),
('Rebecca', 'Jackson', 'rebecca.jackson125@college.edu', '1978-11-28', 'F', '225 College Ave', '555-2680'),
('Casey', 'Smith', 'casey.smith126@college.edu', '1988-08-16', 'F', '226 College Ave', '555-6582'),
('Patricia', 'Gabriel', 'patricia.gabriel127@college.edu', '1973-05-28', 'F', '227 College Ave', '555-2869'),
('Quinn', 'Jones', 'quinn.jones128@college.edu', '1995-08-03', 'M', '228 College Ave', '555-3485'),
('Laura', 'Foster', 'laura.foster129@college.edu', '1989-02-08', 'M', '229 College Ave', '555-7818'),
('Sean', 'Turner', 'sean.turner130@college.edu', '1984-09-13', 'F', '230 College Ave', '555-8253'),
('Karen', 'Price', 'karen.price131@college.edu', '1997-05-19', 'M', '231 College Ave', '555-2625'),
('Parker', 'Wilson', 'parker.wilson132@college.edu', '1983-05-22', 'M', '232 College Ave', '555-3573'),
('Barbara', 'Lopez', 'barbara.lopez133@college.edu', '2005-02-06', 'M', '233 College Ave', '555-7693'),
('Brian', 'Morgan', 'brian.morgan134@college.edu', '2000-05-02', 'M', '234 College Ave', '555-5720'),
('Reese', 'Jackson', 'reese.jackson135@college.edu', '1999-02-22', 'M', '235 College Ave', '555-5334'),
('Bailey', 'Rivera', 'bailey.rivera136@college.edu', '1982-07-04', 'M', '236 College Ave', '555-3441'),
('Elizabeth', 'Cooper', 'elizabeth.cooper137@college.edu', '1979-02-02', 'M', '237 College Ave', '555-6039'),
('Sean', 'Brooks', 'sean.brooks138@college.edu', '1988-08-04', 'F', '238 College Ave', '555-5982'),
('Alex', 'Hall', 'alex.hall139@college.edu', '1987-09-18', 'F', '239 College Ave', '555-8172'),
('Sarah', 'Turner', 'sarah.turner140@college.edu', '1972-07-24', 'F', '240 College Ave', '555-5102'),
('Jane', 'Garcia', 'jane.garcia141@college.edu', '1984-11-27', 'M', '241 College Ave', '555-5415'),
('Gregory', 'Williams', 'gregory.williams142@college.edu', '1981-08-17', 'F', '242 College Ave', '555-5557'),
('Patricia', 'Roberts', 'patricia.roberts143@college.edu', '1997-11-27', 'F', '243 College Ave', '555-2494'),
('Kevin', 'Lewis', 'kevin.lewis144@college.edu', '1996-06-11', 'M', '244 College Ave', '555-3634'),
('Betty', 'Allen', 'betty.allen145@college.edu', '2001-05-22', 'F', '245 College Ave', '555-1601'),
('Megan', 'Garcia', 'megan.garcia146@college.edu', '1990-05-11', 'M', '246 College Ave', '555-7622'),
('Casey', 'Baker', 'casey.baker147@college.edu', '1970-11-28', 'F', '247 College Ave', '555-7770'),
('Emily', 'Gonzalez', 'emily.gonzalez148@college.edu', '2003-06-20', 'F', '248 College Ave', '555-8242'),
('Parker', 'Brown', 'parker.brown149@college.edu', '1983-05-18', 'M', '249 College Ave', '555-5719'),
('Brian', 'James', 'brian.james150@college.edu', '2001-02-01', 'M', '250 College Ave', '555-3594'),
('Karen', 'Mitchell', 'karen.mitchell151@college.edu', '1970-09-14', 'M', '251 College Ave', '555-4681'),
('Hayden', 'Gray', 'hayden.gray152@college.edu', '1977-08-04', 'M', '252 College Ave', '555-9165'),
('Reese', 'Jackson', 'reese.jackson153@college.edu', '2002-12-09', 'F', '253 College Ave', '555-8905'),
('Kevin', 'Thomas', 'kevin.thomas154@college.edu', '1999-09-05', 'F', '254 College Ave', '555-4122'),
('Sean', 'Baker', 'sean.baker155@college.edu', '1978-02-09', 'F', '255 College Ave', '555-6568'),
('Bailey', 'Baker', 'bailey.baker156@college.edu', '1987-01-10', 'F', '256 College Ave', '555-9022'),
('Casey', 'Martinez', 'casey.martinez157@college.edu', '1998-09-16', 'F', '257 College Ave', '555-6446'),
('Rebecca', 'Sanders', 'rebecca.sanders158@college.edu', '2004-07-15', 'F', '258 College Ave', '555-4090'),
('Alex', 'Thomas', 'alex.thomas159@college.edu', '1994-04-28', 'F', '259 College Ave', '555-1715'),
('George', 'Brooks', 'george.brooks160@college.edu', '2000-12-26', 'F', '260 College Ave', '555-7325'),
('Riley', 'Rivera', 'riley.rivera161@college.edu', '1979-08-02', 'M', '261 College Ave', '555-9229'),
('Ashley', 'Clark', 'ashley.clark162@college.edu', '1976-08-04', 'F', '262 College Ave', '555-1251'),
('Jordan', 'Martinez', 'jordan.martinez163@college.edu', '1996-11-05', 'M', '263 College Ave', '555-8692'),
('Bailey', 'Taylor', 'bailey.taylor164@college.edu', '1991-10-23', 'F', '264 College Ave', '555-2315'),
('Logan', 'Clark', 'logan.clark165@college.edu', '2004-07-11', 'F', '265 College Ave', '555-9864'),
('Robert', 'Phillips', 'robert.phillips166@college.edu', '1974-04-21', 'F', '266 College Ave', '555-4727'),
('Dylan', 'Garcia', 'dylan.garcia167@college.edu', '1997-02-25', 'M', '267 College Ave', '555-8269'),
('Steven', 'Morgan', 'steven.morgan168@college.edu', '1989-01-02', 'F', '268 College Ave', '555-1919'),
('Joshua', 'Lewis', 'joshua.lewis169@college.edu', '1993-07-05', 'M', '269 College Ave', '555-9702'),
('Edward', 'Perez', 'edward.perez170@college.edu', '1981-03-06', 'M', '270 College Ave', '555-7267'),
('Olivia', 'Torres', 'olivia.torres171@college.edu', '1985-08-19', 'M', '271 College Ave', '555-4804'),
('Megan', 'Campbell', 'megan.campbell172@college.edu', '1986-08-09', 'M', '272 College Ave', '555-8622'),
('Charlie', 'Jackson', 'charlie.jackson173@college.edu', '2004-03-03', 'F', '273 College Ave', '555-6661'),
('Ashley', 'White', 'ashley.white174@college.edu', '1997-12-09', 'F', '274 College Ave', '555-5949'),
('Thomas', 'Walker', 'thomas.walker175@college.edu', '2000-02-08', 'F', '275 College Ave', '555-6881'),
('Gregory', 'Jackson', 'gregory.jackson176@college.edu', '1988-01-27', 'F', '276 College Ave', '555-5497'),
('John', 'Perez', 'john.perez177@college.edu', '1973-10-24', 'F', '277 College Ave', '555-5689'),
('Avery', 'Foster', 'avery.foster178@college.edu', '1984-10-26', 'F', '278 College Ave', '555-4588'),
('Morgan', 'Gonzalez', 'morgan.gonzalez179@college.edu', '1986-11-25', 'M', '279 College Ave', '555-2591'),
('Charlie', 'Campbell', 'charlie.campbell180@college.edu', '1972-05-26', 'F', '280 College Ave', '555-1546'),
('Ashley', 'Robinson', 'ashley.robinson181@college.edu', '1978-02-10', 'F', '281 College Ave', '555-7807'),
('Patricia', 'Gonzalez', 'patricia.gonzalez182@college.edu', '1978-09-12', 'F', '282 College Ave', '555-3695'),
('Christopher', 'Gray', 'christopher.gray183@college.edu', '2000-05-24', 'F', '283 College Ave', '555-2886'),
('Megan', 'Gabriel', 'megan.gabriel184@college.edu', '1974-03-25', 'M', '284 College Ave', '555-7511'),
('Logan', 'Foster', 'logan.foster185@college.edu', '2005-06-03', 'F', '285 College Ave', '555-1228'),
('Christopher', 'Carter', 'christopher.carter186@college.edu', '1977-08-12', 'F', '286 College Ave', '555-7242'),
('Quinn', 'Campbell', 'quinn.campbell187@college.edu', '1993-02-22', 'M', '287 College Ave', '555-8724'),
('Jane', 'Phillips', 'jane.phillips188@college.edu', '2005-06-20', 'M', '288 College Ave', '555-2035'),
('Morgan', 'Cooper', 'morgan.cooper189@college.edu', '1999-12-10', 'F', '289 College Ave', '555-2911'),
('Daniel', 'Williams', 'daniel.williams190@college.edu', '1972-05-16', 'M', '290 College Ave', '555-2592'),
('Barbara', 'James', 'barbara.james191@college.edu', '2004-03-13', 'F', '291 College Ave', '555-7078'),
('Riley', 'Ramos', 'riley.ramos192@college.edu', '2004-07-19', 'M', '292 College Ave', '555-7797'),
('Sydney', 'Miller', 'sydney.miller193@college.edu', '2001-10-14', 'F', '293 College Ave', '555-1536'),
('Alex', 'Robinson', 'alex.robinson194@college.edu', '1983-08-15', 'M', '294 College Ave', '555-6942'),
('Michael', 'Torres', 'michael.torres195@college.edu', '1993-09-21', 'F', '295 College Ave', '555-1992'),
('Donna', 'Moore', 'donna.moore196@college.edu', '1982-02-28', 'F', '296 College Ave', '555-2501'),
('Riley', 'Wilson', 'riley.wilson197@college.edu', '1971-01-26', 'F', '297 College Ave', '555-4990'),
('Daniel', 'Rivera', 'daniel.rivera198@college.edu', '1983-02-27', 'M', '298 College Ave', '555-4538'),
('Quinn', 'Price', 'quinn.price199@college.edu', '1984-06-25', 'M', '299 College Ave', '555-1046'),
('Elizabeth', 'Bell', 'elizabeth.bell200@college.edu', '1979-03-18', 'F', '300 College Ave', '555-3858'),
('Jessica', 'Kelly', 'jessica.kelly201@college.edu', '1971-03-01', 'F', '301 College Ave', '555-4898'),
('Ashley', 'Harris', 'ashley.harris202@college.edu', '1971-03-09', 'M', '302 College Ave', '555-3076'),
('Dylan', 'Allen', 'dylan.allen203@college.edu', '2003-02-24', 'M', '303 College Ave', '555-8802'),
('Brian', 'Ward', 'brian.ward204@college.edu', '1993-09-19', 'M', '304 College Ave', '555-8405'),
('Andrew', 'Anderson', 'andrew.anderson205@college.edu', '1972-12-26', 'F', '305 College Ave', '555-8504'),
('Sydney', 'Gabriel', 'sydney.gabriel206@college.edu', '1971-01-16', 'F', '306 College Ave', '555-7984'),
('Elliot', 'Miller', 'elliot.miller207@college.edu', '2001-12-15', 'M', '307 College Ave', '555-2323'),
('George', 'Turner', 'george.turner208@college.edu', '1979-02-05', 'F', '308 College Ave', '555-9984'),
('Reese', 'Harris', 'reese.harris209@college.edu', '1994-10-17', 'F', '309 College Ave', '555-8433'),
('Andrew', 'Turner', 'andrew.turner210@college.edu', '1997-02-26', 'M', '310 College Ave', '555-4522'),
('Jennifer', 'King', 'jennifer.king211@college.edu', '1984-07-11', 'F', '311 College Ave', '555-7532'),
('Edward', 'Ramirez', 'edward.ramirez212@college.edu', '1976-06-14', 'F', '312 College Ave', '555-5176'),
('Nancy', 'Gabriel', 'nancy.gabriel213@college.edu', '1979-11-16', 'M', '313 College Ave', '555-2494'),
('Hayden', 'Garcia', 'hayden.garcia214@college.edu', '1975-07-04', 'F', '314 College Ave', '555-3131'),
('Rebecca', 'Brown', 'rebecca.brown215@college.edu', '2005-09-11', 'M', '315 College Ave', '555-7730'),
('Mark', 'Price', 'mark.price216@college.edu', '1997-12-02', 'F', '316 College Ave', '555-6119'),
('Mark', 'Miller', 'mark.miller217@college.edu', '2002-04-05', 'F', '317 College Ave', '555-4674'),
('Logan', 'Miller', 'logan.miller218@college.edu', '1992-09-12', 'M', '318 College Ave', '555-5564'),
('Gregory', 'Anderson', 'gregory.anderson219@college.edu', '1997-09-25', 'M', '319 College Ave', '555-5381'),
('Jane', 'Lopez', 'jane.lopez220@college.edu', '1987-12-25', 'F', '320 College Ave', '555-6567'),
('Mark', 'Smith', 'mark.smith221@college.edu', '1981-03-19', 'F', '321 College Ave', '555-2140'),
('Laura', 'Brooks', 'laura.brooks222@college.edu', '1971-02-24', 'M', '322 College Ave', '555-7163'),
('Edward', 'Scott', 'edward.scott223@college.edu', '1991-03-12', 'F', '323 College Ave', '555-6314'),
('Avery', 'Ramos', 'avery.ramos224@college.edu', '1975-01-05', 'M', '324 College Ave', '555-1815'),
('Elliot', 'Garcia', 'elliot.garcia225@college.edu', '1987-08-22', 'F', '325 College Ave', '555-8957'),
('Sean', 'King', 'sean.king226@college.edu', '1996-05-07', 'M', '326 College Ave', '555-6655'),
('Jennifer', 'Davis', 'jennifer.davis227@college.edu', '1988-11-22', 'F', '327 College Ave', '555-9633'),
('Riley', 'White', 'riley.white228@college.edu', '1972-04-13', 'M', '328 College Ave', '555-1125'),
('Linda', 'White', 'linda.white229@college.edu', '1983-03-25', 'F', '329 College Ave', '555-5742'),
('George', 'Davis', 'george.davis230@college.edu', '1970-08-24', 'F', '330 College Ave', '555-3878'),
('Daniel', 'Walker', 'daniel.walker231@college.edu', '2004-12-08', 'F', '331 College Ave', '555-2180'),
('Donna', 'Price', 'donna.price232@college.edu', '1972-07-01', 'F', '332 College Ave', '555-2275'),
('Casey', 'Harris', 'casey.harris233@college.edu', '1997-10-13', 'F', '333 College Ave', '555-5743'),
('Jessica', 'Hall', 'jessica.hall234@college.edu', '1971-06-06', 'F', '334 College Ave', '555-6928'),
('Sarah', 'Young', 'sarah.young235@college.edu', '1976-04-14', 'F', '335 College Ave', '555-9584'),
('Sarah', 'Hall', 'sarah.hall236@college.edu', '1989-12-11', 'M', '336 College Ave', '555-6456'),
('Avery', 'Hernandez', 'avery.hernandez237@college.edu', '1974-09-21', 'M', '337 College Ave', '555-9693'),
('Andrew', 'Gonzalez', 'andrew.gonzalez238@college.edu', '1992-06-24', 'M', '338 College Ave', '555-4871'),
('Michael', 'Martinez', 'michael.martinez239@college.edu', '1986-04-06', 'M', '339 College Ave', '555-2234'),
('Patricia', 'Ramos', 'patricia.ramos240@college.edu', '2001-08-25', 'F', '340 College Ave', '555-6295'),
('Casey', 'Campbell', 'casey.campbell241@college.edu', '1990-03-15', 'M', '341 College Ave', '555-8682'),
('Brian', 'Campbell', 'brian.campbell242@college.edu', '1989-05-19', 'M', '342 College Ave', '555-6766'),
('Andrew', 'Jones', 'andrew.jones243@college.edu', '1989-08-15', 'M', '343 College Ave', '555-1932'),
('Nancy', 'Peterson', 'nancy.peterson244@college.edu', '1988-02-21', 'M', '344 College Ave', '555-9307'),
('Paul', 'Scott', 'paul.scott245@college.edu', '2005-12-02', 'F', '345 College Ave', '555-4084'),
('George', 'Turner', 'george.turner246@college.edu', '2000-09-05', 'M', '346 College Ave', '555-8381'),
('Michael', 'Foster', 'michael.foster247@college.edu', '1991-12-03', 'M', '347 College Ave', '555-1641'),
('Barbara', 'Richardson', 'barbara.richardson248@college.edu', '1998-08-17', 'M', '348 College Ave', '555-6962'),
('Nancy', 'Gray', 'nancy.gray249@college.edu', '1988-07-14', 'F', '349 College Ave', '555-1857'),
('Bailey', 'Campbell', 'bailey.campbell250@college.edu', '1991-02-11', 'M', '350 College Ave', '555-7333');

-- =====================================================
-- 5. Faculty (20)
-- =====================================================
INSERT INTO faculty (people_id, department_id, office_location) VALUES
(1, 1, 'OFF-201'),
(2, 2, 'OFF-202'),
(3, 3, 'OFF-203'),
(4, 4, 'OFF-204'),
(5, 5, 'OFF-205'),
(6, 6, 'OFF-206'),
(7, 7, 'OFF-207'),
(8, 8, 'OFF-208'),
(9, 9, 'OFF-209'),
(10, 10, 'OFF-210'),
(11, 11, 'OFF-211'),
(12, 12, 'OFF-212'),
(13, 1, 'OFF-213'),
(14, 2, 'OFF-214'),
(15, 3, 'OFF-215'),
(16, 4, 'OFF-216'),
(17, 5, 'OFF-217'),
(18, 6, 'OFF-218'),
(19, 7, 'OFF-219'),
(20, 8, 'OFF-220');

-- =====================================================
-- 6. Students (180)
-- =====================================================
INSERT INTO student (people_id, cumulative_gpa, advisor_id) VALUES
(46, 2.57, 20),
(47, 3.75, 11),
(48, 2.16, 5),
(49, 3.83, 10),
(50, 3.94, 13),
(51, 2.26, 3),
(52, 2.62, 13),
(53, 3.29, 11),
(54, 3.63, 17),
(55, 2.19, 14),
(56, 3.02, 1),
(57, 2.73, 6),
(58, 3.90, 11),
(59, 3.90, 16),
(60, 2.38, 5),
(61, 2.31, 10),
(62, 3.69, 4),
(63, 3.02, 18),
(64, 3.67, 17),
(65, 2.08, 11),
(66, 3.75, 20),
(67, 2.26, 13),
(68, 2.31, 6),
(69, 3.66, 20),
(70, 3.62, 6),
(71, 3.44, 2),
(72, 2.82, 8),
(73, 3.94, 20),
(74, 2.57, 15),
(75, 2.47, 8),
(76, 2.62, 16),
(77, 3.81, 7),
(78, 2.74, 19),
(79, 3.97, 15),
(80, 3.54, 13),
(81, 3.01, 14),
(82, 3.93, 7),
(83, 3.60, 5),
(84, 3.75, 2),
(85, 3.28, 12),
(86, 3.11, 4),
(87, 3.42, 17),
(88, 3.70, 10),
(89, 2.17, 6),
(90, 2.55, 17),
(91, 2.29, 14),
(92, 2.18, 8),
(93, 3.63, 12),
(94, 3.86, 14),
(95, 2.11, 17),
(96, 2.75, 13),
(97, 3.99, 12),
(98, 2.45, 11),
(99, 3.86, 11),
(100, 3.58, 5),
(101, 2.08, 16),
(102, 3.39, 5),
(103, 3.52, 16),
(104, 2.90, 1),
(105, 3.81, 1),
(106, 2.51, 5),
(107, 3.10, 20),
(108, 3.06, 4),
(109, 3.55, 8),
(110, 2.60, 2),
(111, 2.48, 20),
(112, 2.91, 4),
(113, 3.67, 16),
(114, 3.19, 1),
(115, 3.26, 19),
(116, 2.48, 5),
(117, 2.58, 1),
(118, 3.23, 8),
(119, 3.14, 6),
(120, 3.33, 3),
(121, 3.05, 12),
(122, 2.14, 17),
(123, 3.09, 17),
(124, 3.11, 13),
(125, 3.75, 2),
(126, 3.27, 12),
(127, 2.51, 1),
(128, 2.71, 3),
(129, 2.69, 4),
(130, 3.54, 11),
(131, 2.27, 12),
(132, 3.09, 6),
(133, 3.66, 15),
(134, 3.96, 16),
(135, 3.26, 5),
(136, 2.13, 15),
(137, 2.07, 7),
(138, 2.09, 7),
(139, 3.77, 11),
(140, 3.87, 17),
(141, 2.80, 18),
(142, 2.95, 2),
(143, 3.51, 7),
(144, 2.57, 2),
(145, 3.73, 11),
(146, 2.55, 12),
(147, 2.87, 13),
(148, 3.49, 13),
(149, 2.68, 6),
(150, 2.99, 16),
(151, 2.73, 17),
(152, 2.53, 3),
(153, 3.45, 3),
(154, 2.86, 6),
(155, 3.09, 11),
(156, 2.21, 11),
(157, 3.32, 10),
(158, 2.89, 14),
(159, 2.33, 15),
(160, 2.70, 2),
(161, 3.45, 12),
(162, 3.23, 14),
(163, 2.55, 2),
(164, 2.15, 13),
(165, 2.73, 6),
(166, 3.91, 5),
(167, 3.70, 15),
(168, 2.07, 3),
(169, 2.47, 12),
(170, 2.72, 19),
(171, 2.06, 5),
(172, 3.36, 12),
(173, 2.74, 3),
(174, 3.15, 17),
(175, 2.73, 11),
(176, 3.30, 8),
(177, 3.92, 1),
(178, 3.47, 16),
(179, 3.04, 18),
(180, 2.24, 9),
(181, 3.41, 7),
(182, 3.99, 10),
(183, 3.39, 16),
(184, 2.40, 5),
(185, 3.71, 15),
(186, 2.35, 15),
(187, 3.99, 11),
(188, 3.34, 3),
(189, 3.10, 10),
(190, 3.78, 6),
(191, 3.42, 6),
(192, 3.59, 17),
(193, 2.45, 7),
(194, 3.58, 8),
(195, 3.58, 1),
(196, 2.72, 19),
(197, 2.74, 18),
(198, 2.26, 3),
(199, 2.13, 13),
(200, 4.00, 16),
(201, 3.05, 14),
(202, 3.65, 3),
(203, 2.25, 11),
(204, 3.28, 15),
(205, 2.93, 17),
(206, 2.69, 18),
(207, 3.28, 6),
(208, 3.54, 5),
(209, 2.87, 2),
(210, 3.66, 17),
(211, 2.31, 6),
(212, 2.32, 8),
(213, 2.69, 17),
(214, 3.79, 3),
(215, 2.50, 18),
(216, 2.55, 10),
(217, 3.23, 3),
(218, 3.01, 6),
(219, 3.18, 19),
(220, 2.31, 20),
(221, 3.44, 20),
(222, 2.68, 19),
(223, 2.08, 1),
(224, 2.16, 19),
(225, 2.53, 7);

-- =====================================================
-- 7. Courses (15)
-- =====================================================
INSERT INTO course (course_code, course_title, credits, department_id) VALUES
('CS101', 'Intro to Programming', 3, 1),
('CS201', 'Data Structures', 4, 1),
('MATH101', 'Calculus I', 4, 2),
('ENG101', 'English Composition', 3, 3),
('HIST201', 'World History', 3, 4),
('PHY101', 'Physics I', 4, 5),
('CHEM101', 'General Chemistry', 4, 6),
('ECO101', 'Microeconomics', 3, 7),
('PSY101', 'Intro to Psychology', 3, 8),
('ART101', 'Art Appreciation', 3, 10),
('POL101', 'Intro to Political Science', 3, 11),
('BIO101', 'Intro to Biology', 4, 12),
('SOC101', 'Intro to Sociology', 3, 9),
('CS301', 'Algorithms', 4, 1),
('MATH201', 'Linear Algebra', 4, 2);

-- =====================================================
-- 8. Course Offerings (24)
-- =====================================================
INSERT INTO course_offering (section_number, course_id, semester_id1, room_id1, faculty_id) VALUES
('001', 1, 1, 1, 1),
('001', 2, 2, 2, 2),
('001', 3, 3, 3, 3),
('001', 4, 1, 4, 4),
('001', 5, 2, 5, 5),
('001', 6, 3, 6, 6),
('001', 7, 1, 7, 7),
('001', 8, 2, 8, 8),
('001', 9, 3, 9, 9),
('001', 10, 1, 10, 10),
('001', 11, 2, 1, 11),
('001', 12, 3, 2, 12),
('002', 1, 1, 3, 13),
('002', 2, 2, 4, 14),
('002', 3, 3, 5, 15),
('002', 4, 1, 6, 16),
('002', 5, 2, 7, 17),
('002', 6, 3, 8, 18),
('002', 7, 1, 9, 19),
('002', 8, 2, 10, 20),
('002', 9, 3, 1, 1),
('002', 10, 1, 2, 2),
('002', 11, 2, 3, 3),
('002', 12, 3, 4, 4);

-- =====================================================
-- 9. Letter Grades
-- =====================================================
INSERT INTO letter_grade (grade_symbol, grade_points, letter_grade_col) VALUES
('A', 4.0, 'Excellent'),
('B', 3.0, 'Good'),
('C', 2.0, 'Average'),
('D', 1.0, 'Below Average'),
('F', 0.0, 'Fail'),
('I', NULL, 'Incomplete'),
('W', NULL, 'Withdrawn');

-- =====================================================
-- 10. Enrollment (~4-5 classes per student)
-- =====================================================
INSERT INTO enrollment (letter_grade_id, student_id, course_offering_id) VALUES
(2, 1, 20),
(2, 1, 21),
(4, 1, 1),
(2, 1, 16),
(3, 1, 18),
(4, 2, 15),
(3, 2, 3),
(4, 2, 23),
(4, 2, 2),
(2, 2, 6),
(3, 3, 20),
(3, 3, 5),
(1, 3, 11),
(3, 3, 23),
(5, 3, 24),
(2, 4, 11),
(4, 4, 8),
(2, 4, 15),
(1, 4, 4),
(3, 5, 2),
(2, 5, 10),
(1, 5, 13),
(3, 5, 20),
(4, 6, 7),
(2, 6, 6),
(4, 6, 16),
(1, 6, 17),
(1, 6, 15),
(3, 7, 17),
(1, 7, 15),
(1, 7, 8),
(2, 7, 7),
(4, 7, 19),
(1, 8, 10),
(2, 8, 18),
(3, 8, 1),
(3, 8, 4),
(3, 8, 14),
(2, 9, 13),
(3, 9, 2),
(5, 9, 19),
(2, 9, 18),
(2, 10, 13),
(1, 10, 17),
(1, 10, 15),
(1, 10, 18),
(5, 11, 12),
(3, 11, 11),
(5, 11, 18),
(1, 11, 5),
(1, 11, 7),
(5, 12, 5),
(4, 12, 23),
(1, 12, 11),
(5, 12, 16),
(2, 13, 11),
(3, 13, 20),
(5, 13, 6),
(5, 13, 13),
(3, 14, 23),
(3, 14, 19),
(1, 14, 10),
(3, 14, 16),
(2, 14, 1),
(2, 15, 20),
(1, 15, 16),
(4, 15, 9),
(1, 15, 21),
(1, 16, 5),
(2, 16, 22),
(1, 16, 8),
(4, 16, 2),
(3, 16, 19),
(4, 17, 5),
(1, 17, 14),
(1, 17, 23),
(5, 17, 7),
(2, 17, 17),
(1, 18, 22),
(4, 18, 16),
(5, 18, 17),
(3, 18, 13),
(5, 18, 11),
(4, 19, 22),
(2, 19, 24),
(2, 19, 21),
(2, 19, 23),
(5, 19, 9),
(3, 20, 8),
(4, 20, 10),
(3, 20, 23),
(5, 20, 7),
(2, 20, 16),
(3, 21, 4),
(3, 21, 19),
(1, 21, 22),
(2, 21, 18),
(1, 21, 13),
(2, 22, 23),
(4, 22, 3),
(2, 22, 12),
(2, 22, 15),
(5, 22, 21),
(2, 23, 18),
(2, 23, 23),
(1, 23, 9),
(5, 23, 5),
(2, 23, 4),
(4, 24, 2),
(1, 24, 4),
(1, 24, 14),
(1, 24, 11),
(2, 25, 14),
(3, 25, 21),
(2, 25, 16),
(1, 25, 7),
(1, 26, 21),
(1, 26, 19),
(3, 26, 8),
(1, 26, 18),
(2, 27, 13),
(1, 27, 16),
(1, 27, 6),
(2, 27, 24),
(5, 28, 11),
(5, 28, 10),
(4, 28, 15),
(1, 28, 21),
(4, 29, 9),
(2, 29, 7),
(1, 29, 4),
(1, 29, 11),
(3, 29, 6),
(3, 30, 19),
(3, 30, 22),
(5, 30, 7),
(3, 30, 6),
(1, 30, 20),
(3, 31, 22),
(2, 31, 4),
(1, 31, 6),
(2, 31, 5),
(3, 31, 16),
(1, 32, 15),
(2, 32, 9),
(3, 32, 11),
(2, 32, 10),
(1, 33, 22),
(3, 33, 4),
(5, 33, 15),
(2, 33, 10),
(2, 34, 21),
(2, 34, 10),
(1, 34, 12),
(4, 34, 20),
(3, 35, 15),
(5, 35, 24),
(4, 35, 20),
(5, 35, 12),
(5, 36, 8),
(4, 36, 22),
(5, 36, 20),
(3, 36, 3),
(5, 37, 19),
(2, 37, 4),
(5, 37, 2),
(1, 37, 18),
(2, 38, 11),
(4, 38, 17),
(1, 38, 15),
(5, 38, 4),
(4, 39, 2),
(1, 39, 15),
(5, 39, 5),
(4, 39, 17),
(2, 39, 14),
(2, 40, 13),
(1, 40, 9),
(1, 40, 1),
(3, 40, 24),
(1, 41, 23),
(2, 41, 3),
(3, 41, 18),
(1, 41, 2),
(1, 41, 16),
(5, 42, 12),
(1, 42, 13),
(3, 42, 15),
(1, 42, 3),
(1, 42, 22),
(1, 43, 17),
(2, 43, 5),
(4, 43, 24),
(5, 43, 8),
(3, 43, 1),
(2, 44, 8),
(1, 44, 15),
(1, 44, 12),
(3, 44, 5),
(1, 44, 9),
(1, 45, 7),
(4, 45, 3),
(1, 45, 4),
(2, 45, 20),
(2, 46, 13),
(1, 46, 15),
(1, 46, 8),
(5, 46, 18),
(3, 47, 8),
(2, 47, 24),
(2, 47, 19),
(1, 47, 11),
(5, 47, 20),
(5, 48, 14),
(1, 48, 10),
(3, 48, 9),
(5, 48, 2),
(5, 49, 2),
(3, 49, 12),
(3, 49, 21),
(3, 49, 22),
(1, 49, 13),
(2, 50, 13),
(2, 50, 6),
(1, 50, 18),
(4, 50, 16),
(1, 50, 8),
(2, 51, 14),
(2, 51, 18),
(2, 51, 17),
(3, 51, 5),
(1, 51, 13),
(1, 52, 12),
(2, 52, 3),
(3, 52, 18),
(1, 52, 24),
(1, 52, 7),
(2, 53, 19),
(4, 53, 24),
(2, 53, 22),
(3, 53, 18),
(2, 54, 1),
(2, 54, 7),
(3, 54, 24),
(2, 54, 4),
(5, 54, 16),
(3, 55, 10),
(2, 55, 13),
(2, 55, 15),
(3, 55, 18),
(5, 55, 21),
(2, 56, 15),
(3, 56, 4),
(3, 56, 24),
(3, 56, 16),
(1, 56, 11),
(5, 57, 24),
(3, 57, 5),
(2, 57, 1),
(1, 57, 9),
(2, 58, 11),
(4, 58, 8),
(5, 58, 13),
(3, 58, 19),
(3, 59, 16),
(1, 59, 24),
(1, 59, 21),
(5, 59, 15),
(4, 59, 6),
(1, 60, 18),
(1, 60, 21),
(1, 60, 2),
(1, 60, 17),
(1, 61, 5),
(1, 61, 21),
(2, 61, 8),
(5, 61, 3),
(4, 61, 23),
(4, 62, 2),
(1, 62, 20),
(1, 62, 21),
(5, 62, 22),
(5, 62, 16),
(2, 63, 1),
(1, 63, 17),
(5, 63, 24),
(3, 63, 9),
(1, 63, 18),
(2, 64, 4),
(5, 64, 17),
(2, 64, 5),
(3, 64, 8),
(2, 65, 13),
(2, 65, 3),
(2, 65, 12),
(1, 65, 15),
(1, 65, 19),
(1, 66, 13),
(1, 66, 18),
(1, 66, 16),
(4, 66, 2),
(1, 67, 21),
(2, 67, 11),
(2, 67, 19),
(4, 67, 4),
(2, 67, 17),
(1, 68, 3),
(1, 68, 22),
(3, 68, 9),
(1, 68, 18),
(1, 69, 19),
(2, 69, 5),
(1, 69, 23),
(2, 69, 13),
(1, 70, 22),
(1, 70, 18),
(5, 70, 11),
(3, 70, 13),
(1, 70, 24),
(3, 71, 14),
(3, 71, 8),
(1, 71, 3),
(2, 71, 11),
(3, 72, 16),
(1, 72, 8),
(3, 72, 12),
(1, 72, 18),
(2, 72, 13),
(3, 73, 23),
(1, 73, 3),
(3, 73, 9),
(3, 73, 5),
(3, 74, 4),
(2, 74, 3),
(1, 74, 1),
(1, 74, 10),
(1, 74, 15),
(3, 75, 14),
(1, 75, 15),
(1, 75, 18),
(1, 75, 17),
(1, 76, 18),
(2, 76, 3),
(3, 76, 20),
(3, 76, 11),
(1, 76, 13),
(3, 77, 19),
(1, 77, 17),
(1, 77, 6),
(2, 77, 22),
(3, 78, 9),
(2, 78, 16),
(3, 78, 5),
(2, 78, 3),
(4, 78, 6),
(4, 79, 12),
(2, 79, 9),
(4, 79, 8),
(1, 79, 24),
(3, 80, 10),
(3, 80, 1),
(4, 80, 13),
(3, 80, 11),
(2, 81, 21),
(4, 81, 20),
(3, 81, 5),
(1, 81, 10),
(3, 81, 11),
(2, 82, 10),
(3, 82, 24),
(3, 82, 23),
(2, 82, 21),
(3, 82, 16),
(5, 83, 4),
(1, 83, 19),
(4, 83, 7),
(2, 83, 18),
(4, 83, 6),
(1, 84, 23),
(2, 84, 3),
(2, 84, 14),
(2, 84, 22),
(1, 84, 16),
(3, 85, 13),
(5, 85, 3),
(5, 85, 15),
(3, 85, 20),
(5, 85, 16),
(1, 86, 12),
(1, 86, 23),
(2, 86, 18),
(3, 86, 20),
(3, 87, 21),
(3, 87, 20),
(3, 87, 2),
(1, 87, 19),
(5, 88, 4),
(5, 88, 9),
(2, 88, 8),
(4, 88, 17),
(5, 89, 13),
(1, 89, 15),
(3, 89, 22),
(1, 89, 19),
(4, 89, 23),
(1, 90, 10),
(3, 90, 14),
(2, 90, 3),
(3, 90, 4),
(4, 91, 7),
(4, 91, 17),
(3, 91, 16),
(1, 91, 12),
(2, 91, 4),
(1, 92, 23),
(1, 92, 4),
(2, 92, 1),
(5, 92, 11),
(4, 93, 18),
(2, 93, 6),
(3, 93, 11),
(1, 93, 14),
(1, 94, 21),
(2, 94, 22),
(4, 94, 14),
(3, 94, 13),
(1, 95, 1),
(5, 95, 23),
(1, 95, 7),
(3, 95, 9),
(3, 95, 3),
(4, 96, 15),
(5, 96, 4),
(3, 96, 9),
(3, 96, 22),
(1, 97, 19),
(2, 97, 4),
(1, 97, 12),
(1, 97, 15),
(3, 97, 20),
(3, 98, 8),
(1, 98, 10),
(5, 98, 4),
(3, 98, 6),
(1, 99, 20),
(4, 99, 5),
(5, 99, 19),
(1, 99, 13),
(5, 99, 14),
(3, 100, 16),
(4, 100, 10),
(1, 100, 5),
(3, 100, 6),
(5, 101, 16),
(5, 101, 5),
(4, 101, 7),
(3, 101, 13),
(1, 102, 14),
(1, 102, 23),
(2, 102, 15),
(2, 102, 16),
(1, 102, 6),
(4, 103, 8),
(5, 103, 18),
(5, 103, 10),
(1, 103, 6),
(1, 103, 15),
(5, 104, 18),
(2, 104, 12),
(3, 104, 2),
(1, 104, 24),
(2, 104, 15),
(4, 105, 2),
(1, 105, 15),
(2, 105, 9),
(2, 105, 12),
(3, 105, 3),
(3, 106, 6),
(5, 106, 20),
(2, 106, 5),
(5, 106, 7),
(1, 106, 2),
(1, 107, 23),
(1, 107, 10),
(3, 107, 19),
(1, 107, 9),
(2, 107, 17),
(2, 108, 23),
(3, 108, 5),
(4, 108, 8),
(1, 108, 11),
(1, 109, 21),
(3, 109, 14),
(5, 109, 13),
(2, 109, 15),
(3, 109, 3),
(1, 110, 16),
(4, 110, 11),
(3, 110, 19),
(1, 110, 1),
(5, 110, 24),
(2, 111, 7),
(3, 111, 14),
(5, 111, 16),
(1, 111, 9),
(4, 111, 11),
(1, 112, 22),
(1, 112, 2),
(1, 112, 4),
(4, 112, 21),
(4, 112, 15),
(2, 113, 14),
(1, 113, 7),
(2, 113, 23),
(1, 113, 5),
(1, 114, 9),
(1, 114, 3),
(3, 114, 12),
(2, 114, 22),
(2, 114, 21),
(2, 115, 21),
(4, 115, 3),
(1, 115, 23),
(1, 115, 4),
(2, 115, 1),
(1, 116, 1),
(4, 116, 23),
(1, 116, 11),
(2, 116, 4),
(3, 116, 14),
(2, 117, 24),
(1, 117, 4),
(3, 117, 11),
(1, 117, 12),
(1, 118, 3),
(4, 118, 17),
(3, 118, 19),
(2, 118, 1),
(2, 119, 14),
(1, 119, 20),
(1, 119, 22),
(1, 119, 15),
(3, 120, 19),
(3, 120, 24),
(1, 120, 13),
(2, 120, 12),
(2, 121, 21),
(1, 121, 3),
(2, 121, 8),
(2, 121, 18),
(5, 121, 20),
(1, 122, 24),
(2, 122, 13),
(4, 122, 10),
(3, 122, 21),
(1, 123, 8),
(5, 123, 16),
(1, 123, 21),
(3, 123, 20),
(5, 124, 5),
(1, 124, 13),
(4, 124, 19),
(1, 124, 14),
(1, 124, 12),
(1, 125, 1),
(3, 125, 9),
(5, 125, 7),
(2, 125, 2),
(5, 126, 14),
(5, 126, 23),
(1, 126, 13),
(2, 126, 3),
(1, 126, 21),
(3, 127, 3),
(3, 127, 17),
(1, 127, 7),
(2, 127, 5),
(3, 127, 18),
(1, 128, 2),
(4, 128, 8),
(1, 128, 3),
(2, 128, 14),
(1, 129, 4),
(1, 129, 1),
(4, 129, 23),
(3, 129, 5),
(1, 130, 6),
(1, 130, 12),
(3, 130, 5),
(3, 130, 24),
(2, 130, 9),
(1, 131, 9),
(4, 131, 23),
(4, 131, 19),
(5, 131, 21),
(1, 132, 2),
(2, 132, 16),
(1, 132, 19),
(1, 132, 6),
(2, 132, 12),
(3, 133, 2),
(3, 133, 1),
(1, 133, 8),
(1, 133, 16),
(3, 134, 18),
(2, 134, 23),
(3, 134, 24),
(2, 134, 21),
(3, 135, 24),
(1, 135, 11),
(5, 135, 9),
(1, 135, 3),
(1, 135, 19),
(4, 136, 17),
(2, 136, 2),
(2, 136, 13),
(3, 136, 3),
(2, 137, 18),
(2, 137, 15),
(2, 137, 1),
(2, 137, 12),
(5, 138, 12),
(2, 138, 19),
(1, 138, 16),
(1, 138, 7),
(3, 138, 24),
(1, 139, 8),
(3, 139, 18),
(1, 139, 12),
(3, 139, 21),
(4, 140, 4),
(1, 140, 7),
(1, 140, 17),
(2, 140, 8),
(1, 140, 14),
(3, 141, 8),
(4, 141, 17),
(1, 141, 14),
(1, 141, 23),
(1, 142, 21),
(3, 142, 13),
(1, 142, 3),
(2, 142, 19),
(3, 143, 9),
(3, 143, 11),
(4, 143, 13),
(2, 143, 23),
(2, 143, 24),
(1, 144, 7),
(1, 144, 5),
(1, 144, 19),
(4, 144, 4),
(2, 145, 11),
(4, 145, 14),
(2, 145, 4),
(4, 145, 18),
(2, 145, 12),
(1, 146, 3),
(2, 146, 6),
(3, 146, 22),
(1, 146, 10),
(5, 147, 23),
(1, 147, 8),
(2, 147, 12),
(2, 147, 13),
(5, 148, 1),
(2, 148, 13),
(1, 148, 15),
(4, 148, 18),
(2, 149, 5),
(1, 149, 4),
(2, 149, 1),
(3, 149, 2),
(1, 150, 22),
(1, 150, 21),
(1, 150, 3),
(2, 150, 19),
(4, 150, 9),
(4, 151, 3),
(1, 151, 11),
(1, 151, 4),
(3, 151, 2),
(1, 152, 16),
(3, 152, 1),
(2, 152, 13),
(1, 152, 22),
(2, 152, 14),
(2, 153, 15),
(4, 153, 5),
(3, 153, 2),
(5, 153, 20),
(4, 153, 8),
(3, 154, 3),
(2, 154, 9),
(5, 154, 13),
(2, 154, 5),
(5, 155, 13),
(4, 155, 23),
(3, 155, 12),
(5, 155, 16),
(2, 156, 13),
(1, 156, 9),
(2, 156, 6),
(1, 156, 1),
(4, 156, 11),
(2, 157, 19),
(2, 157, 8),
(5, 157, 6),
(1, 157, 4),
(2, 157, 22),
(3, 158, 12),
(1, 158, 6),
(3, 158, 8),
(1, 158, 19),
(2, 158, 11),
(1, 159, 18),
(1, 159, 10),
(2, 159, 6),
(2, 159, 16),
(1, 159, 2),
(3, 160, 1),
(1, 160, 11),
(3, 160, 20),
(1, 160, 7),
(1, 160, 5),
(5, 161, 19),
(3, 161, 23),
(1, 161, 5),
(3, 161, 4),
(1, 162, 19),
(3, 162, 4),
(4, 162, 11),
(3, 162, 10),
(1, 162, 5),
(2, 163, 8),
(2, 163, 22),
(1, 163, 19),
(1, 163, 6),
(1, 163, 13),
(2, 164, 19),
(1, 164, 2),
(4, 164, 6),
(1, 164, 20),
(3, 164, 11),
(1, 165, 8),
(3, 165, 12),
(4, 165, 11),
(1, 165, 6),
(2, 166, 7),
(1, 166, 8),
(1, 166, 23),
(1, 166, 3),
(3, 166, 12),
(3, 167, 24),
(5, 167, 14),
(3, 167, 6),
(1, 167, 16),
(4, 167, 13),
(2, 168, 6),
(1, 168, 15),
(3, 168, 3),
(2, 168, 2),
(1, 169, 3),
(1, 169, 11),
(5, 169, 6),
(1, 169, 13),
(1, 170, 20),
(3, 170, 16),
(1, 170, 23),
(1, 170, 1),
(1, 170, 14),
(5, 171, 7),
(2, 171, 14),
(2, 171, 23),
(2, 171, 18),
(2, 171, 24),
(4, 172, 2),
(1, 172, 13),
(1, 172, 19),
(3, 172, 18),
(4, 173, 14),
(2, 173, 3),
(1, 173, 10),
(1, 173, 22),
(4, 174, 6),
(1, 174, 21),
(2, 174, 10),
(3, 174, 3),
(5, 175, 16),
(3, 175, 22),
(1, 175, 9),
(3, 175, 3),
(3, 175, 21),
(2, 176, 6),
(1, 176, 15),
(1, 176, 2),
(1, 176, 9),
(1, 176, 8),
(3, 177, 18),
(5, 177, 14),
(3, 177, 19),
(5, 177, 8),
(4, 177, 2),
(1, 178, 16),
(5, 178, 10),
(5, 178, 3),
(1, 178, 13),
(1, 179, 15),
(3, 179, 6),
(1, 179, 7),
(3, 179, 5),
(3, 180, 21),
(1, 180, 5),
(1, 180, 20),
(3, 180, 9);

-- =====================================================
-- 11. Staff (25)
-- =====================================================
INSERT INTO staff (people_id, department_id, staffcol) VALUES
(21, 1, 'Department Secretary'),
(22, 2, 'Administrative Assistant'),
(23, 3, 'Registrar Clerk'),
(24, 4, 'Lab Technician'),
(25, 5, 'Library Assistant'),
(26, 6, 'Chemistry Lab Coordinator'),
(27, 7, 'Economics Office Admin'),
(28, 8, 'Psychology Lab Assistant'),
(29, 9, 'Sociology Research Assistant'),
(30, 10, 'Art Department Secretary'),
(31, 11, 'IT Support Specialist'),
(32, 12, 'Admissions Counselor'),
(33, 1, 'Financial Aid Officer'),
(34, 2, 'Academic Advisor'),
(35, 3, 'Campus Security Officer'),
(36, 4, 'Custodial Staff'),
(37, 5, 'Dining Services Staff'),
(38, 6, 'HR Coordinator'),
(39, 7, 'Career Services Specialist'),
(40, 8, 'Athletics Coordinator'),
(41, 9, 'Student Life Coordinator'),
(42, 10, 'Health Center Nurse'),
(43, 11, 'Library Technician'),
(44, 12, 'Testing Center Proctor'),
(45, 1, 'Events Coordinator');
